Date,Crop,Market,Season,PreviousPrice,Quantity,Price
2025-01-05,Rice,Bhubaneswar,Rabi,2800,120,2825
2025-02-05,Rice,Bhubaneswar,Rabi,2825,110,2860
2025-03-05,Rice,Bhubaneswar,Rabi,2860,105,2890
2025-04-05,Rice,Bhubaneswar,Summer,2890,115,2925
2025-05-05,Rice,Bhubaneswar,Summer,2925,130,2950
2025-06-05,Rice,Bhubaneswar,Kharif,2950,150,2910
2025-07-05,Rice,Bhubaneswar,Kharif,2910,165,2875
2025-08-05,Rice,Bhubaneswar,Kharif,2875,155,2905
2025-09-05,Rice,Bhubaneswar,Kharif,2905,140,2940
2025-10-05,Rice,Bhubaneswar,Kharif,2940,135,2980
2025-11-05,Rice,Bhubaneswar,Rabi,2980,125,3015
2025-12-05,Rice,Bhubaneswar,Rabi,3015,118,3040
2025-01-05,Wheat,Bhubaneswar,Rabi,2350,90,2380
2025-02-05,Wheat,Bhubaneswar,Rabi,2380,85,2415
2025-03-05,Wheat,Bhubaneswar,Rabi,2415,80,2440
2025-04-05,Wheat,Bhubaneswar,Summer,2440,78,2465
2025-05-05,Wheat,Bhubaneswar,Summer,2465,82,2490
2025-06-05,Wheat,Bhubaneswar,Kharif,2490,95,2470
2025-07-05,Wheat,Bhubaneswar,Kharif,2470,100,2450
2025-08-05,Wheat,Bhubaneswar,Kharif,2450,98,2485
2025-09-05,Wheat,Bhubaneswar,Kharif,2485,92,2510
2025-10-05,Wheat,Bhubaneswar,Kharif,2510,88,2545
2025-11-05,Wheat,Bhubaneswar,Rabi,2545,84,2580
2025-12-05,Wheat,Bhubaneswar,Rabi,2580,80,2610
2025-01-05,Tomato,Bhubaneswar,Rabi,1800,75,1840
2025-02-05,Tomato,Bhubaneswar,Rabi,1840,82,1910
2025-03-05,Tomato,Bhubaneswar,Rabi,1910,90,1980
2025-04-05,Tomato,Bhubaneswar,Summer,1980,105,2050
2025-05-05,Tomato,Bhubaneswar,Summer,2050,120,2100
2025-06-05,Tomato,Bhubaneswar,Kharif,2100,140,2025
2025-07-05,Tomato,Bhubaneswar,Kharif,2025,155,1950
2025-08-05,Tomato,Bhubaneswar,Kharif,1950,145,2010
2025-09-05,Tomato,Bhubaneswar,Kharif,2010,130,2090
2025-10-05,Tomato,Bhubaneswar,Kharif,2090,110,2160
2025-11-05,Tomato,Bhubaneswar,Rabi,2160,95,2220
2025-12-05,Tomato,Bhubaneswar,Rabi,2220,88,2280
2025-01-05,Potato,Bhubaneswar,Rabi,1600,100,1640
2025-02-05,Potato,Bhubaneswar,Rabi,1640,105,1690
2025-03-05,Potato,Bhubaneswar,Rabi,1690,115,1750
2025-04-05,Potato,Bhubaneswar,Summer,1750,125,1790
2025-05-05,Potato,Bhubaneswar,Summer,1790,135,1815
2025-06-05,Potato,Bhubaneswar,Kharif,1815,145,1780
2025-07-05,Potato,Bhubaneswar,Kharif,1780,150,1745
2025-08-05,Potato,Bhubaneswar,Kharif,1745,140,1775
2025-09-05,Potato,Bhubaneswar,Kharif,1775,125,1820
2025-10-05,Potato,Bhubaneswar,Kharif,1820,112,1870
2025-11-05,Potato,Bhubaneswar,Rabi,1870,108,1915
2025-12-05,Potato,Bhubaneswar,Rabi,1915,102,1960
